pair_id,label,category,device_pair,subject1,subject2,hand1,hand2,ground_truth,llm_answer,correct,raw_response,latency_s,model,prompting_setting,timestamp
D_43210_63,non-mated,diagnostic_impostor,cross,43210,43210,left,right,B,A,0,A,0.68,qwen25vl,zero_shot,2026-08-22T22:07:33
G_58398_left_1287,mated,primary_genuine,cross,58398,58398,left,left,A,B,0,B,0.361,qwen25vl,zero_shot,2026-08-22T22:07:33
G_56583_left_842,mated,primary_genuine,cross,56583,56583,left,left,A,B,0,B,0.366,qwen25vl,zero_shot,2026-08-22T22:07:34
I_14493_83742_left_s,non-mated,primary_impostor,same,14493,83742,left,left,B,A,0,A,0.372,qwen25vl,zero_shot,2026-08-22T22:07:34
I_57145_65052_left_x,non-mated,primary_impostor,cross,57145,65052,left,left,B,B,1,B,0.366,qwen25vl,zero_shot,2026-08-22T22:07:35
I_56583_93812_left_s,non-mated,primary_impostor,same,56583,93812,left,left,B,A,0,A,0.364,qwen25vl,zero_shot,2026-08-22T22:07:35
I_24101_57145_left_s,non-mated,primary_impostor,same,24101,57145,left,left,B,A,0,A,0.361,qwen25vl,zero_shot,2026-08-22T22:07:35
G_83742_left_2229,mated,primary_genuine,cross,83742,83742,left,left,A,A,1,A,0.354,qwen25vl,zero_shot,2026-08-22T22:07:36
G_57833_left_1183,mated,primary_genuine,same,57833,57833,left,left,A,A,1,A,0.351,qwen25vl,zero_shot,2026-08-22T22:07:36
G_69658_left_1866,mated,primary_genuine,same,69658,69658,left,left,A,A,1,A,0.352,qwen25vl,zero_shot,2026-08-22T22:07:36
I_24101_57145_left_x,non-mated,primary_impostor,cross,24101,57145,left,left,B,B,1,B,0.352,qwen25vl,zero_shot,2026-08-22T22:07:37
G_24101_right_301,mated,primary_genuine,cross,24101,24101,right,right,A,A,1,A,0.351,qwen25vl,zero_shot,2026-08-22T22:07:37
D_56583_99,non-mated,diagnostic_impostor,same,56583,56583,left,right,B,A,0,A,0.354,qwen25vl,zero_shot,2026-08-22T22:07:37
G_63029_left_1482,mated,primary_genuine,same,63029,63029,left,left,A,A,1,A,0.348,qwen25vl,zero_shot,2026-08-22T22:07:38
I_24101_87757_right_x,non-mated,primary_impostor,cross,24101,87757,right,right,B,B,1,B,0.353,qwen25vl,zero_shot,2026-08-22T22:07:38
G_89171_left_2506,mated,primary_genuine,cross,89171,89171,left,left,A,B,0,B,0.374,qwen25vl,zero_shot,2026-08-22T22:07:38
G_43210_left_580,mated,primary_genuine,same,43210,43210,left,left,A,A,1,A,0.378,qwen25vl,zero_shot,2026-08-22T22:07:39
I_44595_47904_left_s,non-mated,primary_impostor,same,44595,47904,left,left,B,A,0,A,0.36,qwen25vl,zero_shot,2026-08-22T22:07:39
G_44595_left_742,mated,primary_genuine,same,44595,44595,left,left,A,B,0,B,0.355,qwen25vl,zero_shot,2026-08-22T22:07:40
I_89171_96608_right_s,non-mated,primary_impostor,same,89171,96608,right,right,B,A,0,A,0.372,qwen25vl,zero_shot,2026-08-22T22:07:40
G_65030_left_1658,mated,primary_genuine,cross,65030,65030,left,left,A,A,1,A,0.35,qwen25vl,zero_shot,2026-08-22T22:07:40
I_65030_65052_left_x,non-mated,primary_impostor,cross,65030,65052,left,left,B,B,1,B,0.354,qwen25vl,zero_shot,2026-08-22T22:07:41
I_20294_47904_right_x,non-mated,primary_impostor,cross,20294,47904,right,right,B,A,0,A,0.363,qwen25vl,zero_shot,2026-08-22T22:07:41
G_20294_right_224,mated,primary_genuine,same,20294,20294,right,right,A,A,1,A,0.351,qwen25vl,zero_shot,2026-08-22T22:07:41
I_47904_58793_left_s,non-mated,primary_impostor,same,47904,58793,left,left,B,A,0,A,0.363,qwen25vl,zero_shot,2026-08-22T22:07:42
D_44595_73,non-mated,diagnostic_impostor,same,44595,44595,left,right,B,B,1,B,0.339,qwen25vl,zero_shot,2026-08-22T22:07:42
I_56583_96608_right_x,non-mated,primary_impostor,cross,56583,96608,right,right,B,A,0,A,0.358,qwen25vl,zero_shot,2026-08-22T22:07:42
D_14493_8,non-mated,diagnostic_impostor,same,14493,14493,left,right,B,B,1,B,0.345,qwen25vl,zero_shot,2026-08-22T22:07:43
D_47904_92,non-mated,diagnostic_impostor,cross,47904,47904,left,right,B,A,0,A,0.35,qwen25vl,zero_shot,2026-08-22T22:07:43
I_32467_43210_right_s,non-mated,primary_impostor,same,32467,43210,right,right,B,A,0,A,0.369,qwen25vl,zero_shot,2026-08-22T22:07:44
G_74850_right_2037,mated,primary_genuine,cross,74850,74850,right,right,A,B,0,B,0.364,qwen25vl,zero_shot,2026-08-22T22:07:44
I_32467_65030_right_x,non-mated,primary_impostor,cross,32467,65030,right,right,B,A,0,A,0.351,qwen25vl,zero_shot,2026-08-22T22:07:44
G_20294_left_134,mated,primary_genuine,same,20294,20294,left,left,A,A,1,A,0.376,qwen25vl,zero_shot,2026-08-22T22:07:45
G_47904_right_832,mated,primary_genuine,cross,47904,47904,right,right,A,A,1,A,0.353,qwen25vl,zero_shot,2026-08-22T22:07:45
I_57145_89171_right_x,non-mated,primary_impostor,cross,57145,89171,right,right,B,B,1,B,0.368,qwen25vl,zero_shot,2026-08-22T22:07:45
G_76957_left_2098,mated,primary_genuine,same,76957,76957,left,left,A,A,1,A,0.358,qwen25vl,zero_shot,2026-08-22T22:07:46
I_14493_20294_right_x,non-mated,primary_impostor,cross,14493,20294,right,right,B,A,0,A,0.362,qwen25vl,zero_shot,2026-08-22T22:07:46
D_76957_225,non-mated,diagnostic_impostor,same,76957,76957,left,right,B,B,1,B,0.361,qwen25vl,zero_shot,2026-08-22T22:07:46
G_76957_left_2119,mated,primary_genuine,same,76957,76957,left,left,A,A,1,A,0.355,qwen25vl,zero_shot,2026-08-22T22:07:47
D_69658_194,non-mated,diagnostic_impostor,cross,69658,69658,left,right,B,A,0,A,0.347,qwen25vl,zero_shot,2026-08-22T22:07:47
G_32467_right_505,mated,primary_genuine,same,32467,32467,right,right,A,A,1,A,0.359,qwen25vl,zero_shot,2026-08-22T22:07:47
I_47904_58793_right_s,non-mated,primary_impostor,same,47904,58793,right,right,B,A,0,A,0.359,qwen25vl,zero_shot,2026-08-22T22:07:48
G_74850_right_2026,mated,primary_genuine,same,74850,74850,right,right,A,B,0,B,0.355,qwen25vl,zero_shot,2026-08-22T22:07:48
D_89171_262,non-mated,diagnostic_impostor,cross,89171,89171,left,right,B,B,1,B,0.342,qwen25vl,zero_shot,2026-08-22T22:07:49
I_57833_89171_left_x,non-mated,primary_impostor,cross,57833,89171,left,left,B,B,1,B,0.353,qwen25vl,zero_shot,2026-08-22T22:07:49
I_74850_83742_left_s,non-mated,primary_impostor,same,74850,83742,left,left,B,A,0,A,0.373,qwen25vl,zero_shot,2026-08-22T22:07:49
I_57833_69658_right_x,non-mated,primary_impostor,cross,57833,69658,right,right,B,A,0,A,0.35,qwen25vl,zero_shot,2026-08-22T22:07:50
G_74850_left_1998,mated,primary_genuine,same,74850,74850,left,left,A,A,1,A,0.352,qwen25vl,zero_shot,2026-08-22T22:07:50
D_83742_228,non-mated,diagnostic_impostor,cross,83742,83742,left,right,B,B,1,B,0.365,qwen25vl,zero_shot,2026-08-22T22:07:50
I_43210_56583_left_x,non-mated,primary_impostor,cross,43210,56583,left,left,B,B,1,B,0.35,qwen25vl,zero_shot,2026-08-22T22:07:51
G_43210_right_633,mated,primary_genuine,cross,43210,43210,right,right,A,A,1,A,0.356,qwen25vl,zero_shot,2026-08-22T22:07:51
I_58793_65030_left_s,non-mated,primary_impostor,same,58793,65030,left,left,B,A,0,A,0.355,qwen25vl,zero_shot,2026-08-22T22:07:51
I_57145_76957_left_s,non-mated,primary_impostor,same,57145,76957,left,left,B,A,0,A,0.356,qwen25vl,zero_shot,2026-08-22T22:07:52
I_14493_65030_left_x,non-mated,primary_impostor,cross,14493,65030,left,left,B,B,1,B,0.345,qwen25vl,zero_shot,2026-08-22T22:07:52
G_65030_right_1681,mated,primary_genuine,same,65030,65030,right,right,A,A,1,A,0.358,qwen25vl,zero_shot,2026-08-22T22:07:52
D_58398_142,non-mated,diagnostic_impostor,same,58398,58398,left,right,B,B,1,B,0.347,qwen25vl,zero_shot,2026-08-22T22:07:53
G_57833_right_1228,mated,primary_genuine,cross,57833,57833,right,right,A,B,0,B,0.355,qwen25vl,zero_shot,2026-08-22T22:07:53
I_43210_74850_left_s,non-mated,primary_impostor,same,43210,74850,left,left,B,A,0,A,0.356,qwen25vl,zero_shot,2026-08-22T22:07:53
D_14493_9,non-mated,diagnostic_impostor,same,14493,14493,left,right,B,A,0,A,0.353,qwen25vl,zero_shot,2026-08-22T22:07:54
I_43210_83742_right_s,non-mated,primary_impostor,same,43210,83742,right,right,B,A,0,A,0.361,qwen25vl,zero_shot,2026-08-22T22:07:54
G_96608_left_2728,mated,primary_genuine,same,96608,96608,left,left,A,A,1,A,0.357,qwen25vl,zero_shot,2026-08-22T22:07:55
I_57833_96608_left_x,non-mated,primary_impostor,cross,57833,96608,left,left,B,B,1,B,0.355,qwen25vl,zero_shot,2026-08-22T22:07:55
I_47904_63029_right_x,non-mated,primary_impostor,cross,47904,63029,right,right,B,B,1,B,0.354,qwen25vl,zero_shot,2026-08-22T22:07:55
I_65052_93812_right_x,non-mated,primary_impostor,cross,65052,93812,right,right,B,B,1,B,0.369,qwen25vl,zero_shot,2026-08-22T22:07:56
I_44595_99775_left_s,non-mated,primary_impostor,same,44595,99775,left,left,B,A,0,A,0.368,qwen25vl,zero_shot,2026-08-22T22:07:56
I_24101_32467_left_x,non-mated,primary_impostor,cross,24101,32467,left,left,B,B,1,B,0.351,qwen25vl,zero_shot,2026-08-22T22:07:56
G_27295_right_407,mated,primary_genuine,cross,27295,27295,right,right,A,B,0,B,0.34,qwen25vl,zero_shot,2026-08-22T22:07:57
I_65052_83742_left_x,non-mated,primary_impostor,cross,65052,83742,left,left,B,B,1,B,0.355,qwen25vl,zero_shot,2026-08-22T22:07:57
I_58398_76957_left_x,non-mated,primary_impostor,cross,58398,76957,left,left,B,B,1,B,0.348,qwen25vl,zero_shot,2026-08-22T22:07:57
G_76957_left_2097,mated,primary_genuine,cross,76957,76957,left,left,A,B,0,B,0.359,qwen25vl,zero_shot,2026-08-22T22:07:58
I_58793_65052_left_s,non-mated,primary_impostor,same,58793,65052,left,left,B,A,0,A,0.367,qwen25vl,zero_shot,2026-08-22T22:07:58
G_27295_left_311,mated,primary_genuine,same,27295,27295,left,left,A,A,1,A,0.355,qwen25vl,zero_shot,2026-08-22T22:07:58
I_14493_57145_right_x,non-mated,primary_impostor,cross,14493,57145,right,right,B,B,1,B,0.361,qwen25vl,zero_shot,2026-08-22T22:07:59
G_87757_right_2459,mated,primary_genuine,cross,87757,87757,right,right,A,B,0,B,0.354,qwen25vl,zero_shot,2026-08-22T22:07:59
D_93812_272,non-mated,diagnostic_impostor,cross,93812,93812,left,right,B,B,1,B,0.359,qwen25vl,zero_shot,2026-08-22T22:08:00
G_63029_left_1497,mated,primary_genuine,cross,63029,63029,left,left,A,B,0,B,0.351,qwen25vl,zero_shot,2026-08-22T22:08:00
G_69658_right_1931,mated,primary_genuine,cross,69658,69658,right,right,A,A,1,A,0.345,qwen25vl,zero_shot,2026-08-22T22:08:00
I_87757_99775_left_s,non-mated,primary_impostor,same,87757,99775,left,left,B,B,1,B,0.363,qwen25vl,zero_shot,2026-08-22T22:08:01
I_93812_99775_right_s,non-mated,primary_impostor,same,93812,99775,right,right,B,A,0,A,0.365,qwen25vl,zero_shot,2026-08-22T22:08:01
I_43210_47904_right_x,non-mated,primary_impostor,cross,43210,47904,right,right,B,A,0,A,0.355,qwen25vl,zero_shot,2026-08-22T22:08:01
G_58398_left_1293,mated,primary_genuine,cross,58398,58398,left,left,A,B,0,B,0.35,qwen25vl,zero_shot,2026-08-22T22:08:02
I_14493_57145_left_x,non-mated,primary_impostor,cross,14493,57145,left,left,B,B,1,B,0.357,qwen25vl,zero_shot,2026-08-22T22:08:02
G_57145_right_1072,mated,primary_genuine,same,57145,57145,right,right,A,A,1,A,0.363,qwen25vl,zero_shot,2026-08-22T22:08:02
I_63029_96608_right_s,non-mated,primary_impostor,same,63029,96608,right,right,B,A,0,A,0.361,qwen25vl,zero_shot,2026-08-22T22:08:03
I_58398_69658_left_x,non-mated,primary_impostor,cross,58398,69658,left,left,B,B,1,B,0.351,qwen25vl,zero_shot,2026-08-22T22:08:03
G_57145_right_1080,mated,primary_genuine,cross,57145,57145,right,right,A,A,1,A,0.351,qwen25vl,zero_shot,2026-08-22T22:08:03
I_58793_65030_left_x,non-mated,primary_impostor,cross,58793,65030,left,left,B,B,1,B,0.356,qwen25vl,zero_shot,2026-08-22T22:08:04
I_57833_89171_right_x,non-mated,primary_impostor,cross,57833,89171,right,right,B,B,1,B,0.357,qwen25vl,zero_shot,2026-08-22T22:08:04
I_14493_32467_left_x,non-mated,primary_impostor,cross,14493,32467,left,left,B,B,1,B,0.363,qwen25vl,zero_shot,2026-08-22T22:08:05
I_44595_58398_left_s,non-mated,primary_impostor,same,44595,58398,left,left,B,A,0,A,0.359,qwen25vl,zero_shot,2026-08-22T22:08:05
G_14493_left_18,mated,primary_genuine,cross,14493,14493,left,left,A,B,0,B,0.355,qwen25vl,zero_shot,2026-08-22T22:08:05
G_99775_right_2898,mated,primary_genuine,same,99775,99775,right,right,A,A,1,A,0.354,qwen25vl,zero_shot,2026-08-22T22:08:06
I_27295_58398_right_x,non-mated,primary_impostor,cross,27295,58398,right,right,B,A,0,A,0.354,qwen25vl,zero_shot,2026-08-22T22:08:06
I_32467_57145_right_x,non-mated,primary_impostor,cross,32467,57145,right,right,B,B,1,B,0.355,qwen25vl,zero_shot,2026-08-22T22:08:06
G_20294_right_240,mated,primary_genuine,cross,20294,20294,right,right,A,B,0,B,0.356,qwen25vl,zero_shot,2026-08-22T22:08:07
I_27295_93812_right_x,non-mated,primary_impostor,cross,27295,93812,right,right,B,B,1,B,0.356,qwen25vl,zero_shot,2026-08-22T22:08:07
D_69658_195,non-mated,diagnostic_impostor,cross,69658,69658,left,right,B,B,1,B,0.359,qwen25vl,zero_shot,2026-08-22T22:08:07
I_14493_89171_right_s,non-mated,primary_impostor,same,14493,89171,right,right,B,A,0,A,0.367,qwen25vl,zero_shot,2026-08-22T22:08:08
D_69658_199,non-mated,diagnostic_impostor,same,69658,69658,left,right,B,A,0,A,0.353,qwen25vl,zero_shot,2026-08-22T22:08:08
I_47904_58398_left_x,non-mated,primary_impostor,cross,47904,58398,left,left,B,B,1,B,0.353,qwen25vl,zero_shot,2026-08-22T22:08:08
I_65052_69658_left_x,non-mated,primary_impostor,cross,65052,69658,left,left,B,B,1,B,0.36,qwen25vl,zero_shot,2026-08-22T22:08:09
D_58398_133,non-mated,diagnostic_impostor,cross,58398,58398,left,right,B,B,1,B,0.361,qwen25vl,zero_shot,2026-08-22T22:08:09
I_14493_24101_right_s,non-mated,primary_impostor,same,14493,24101,right,right,B,B,1,B,0.366,qwen25vl,zero_shot,2026-08-22T22:08:10
G_56583_left_888,mated,primary_genuine,same,56583,56583,left,left,A,A,1,A,0.348,qwen25vl,zero_shot,2026-08-22T22:08:10
I_83742_87757_left_x,non-mated,primary_impostor,cross,83742,87757,left,left,B,B,1,B,0.357,qwen25vl,zero_shot,2026-08-22T22:08:10
D_47904_90,non-mated,diagnostic_impostor,same,47904,47904,left,right,B,A,0,A,0.357,qwen25vl,zero_shot,2026-08-22T22:08:11
I_69658_76957_left_s,non-mated,primary_impostor,same,69658,76957,left,left,B,A,0,A,0.359,qwen25vl,zero_shot,2026-08-22T22:08:11
G_24101_left_296,mated,primary_genuine,same,24101,24101,left,left,A,A,1,A,0.354,qwen25vl,zero_shot,2026-08-22T22:08:11
I_20294_32467_right_x,non-mated,primary_impostor,cross,20294,32467,right,right,B,B,1,B,0.361,qwen25vl,zero_shot,2026-08-22T22:08:12
D_63029_160,non-mated,diagnostic_impostor,same,63029,63029,left,right,B,A,0,A,0.351,qwen25vl,zero_shot,2026-08-22T22:08:12
I_57145_57833_left_x,non-mated,primary_impostor,cross,57145,57833,left,left,B,B,1,B,0.357,qwen25vl,zero_shot,2026-08-22T22:08:12
G_96608_left_2701,mated,primary_genuine,same,96608,96608,left,left,A,A,1,A,0.357,qwen25vl,zero_shot,2026-08-22T22:08:13
I_14493_32467_right_s,non-mated,primary_impostor,same,14493,32467,right,right,B,A,0,A,0.36,qwen25vl,zero_shot,2026-08-22T22:08:13
G_69658_right_1939,mated,primary_genuine,same,69658,69658,right,right,A,A,1,A,0.342,qwen25vl,zero_shot,2026-08-22T22:08:13
I_58793_63029_right_s,non-mated,primary_impostor,same,58793,63029,right,right,B,B,1,B,0.351,qwen25vl,zero_shot,2026-08-22T22:08:14
I_44595_96608_right_x,non-mated,primary_impostor,cross,44595,96608,right,right,B,A,0,A,0.348,qwen25vl,zero_shot,2026-08-22T22:08:14
I_44595_87757_left_s,non-mated,primary_impostor,same,44595,87757,left,left,B,B,1,B,0.357,qwen25vl,zero_shot,2026-08-22T22:08:15
D_87757_240,non-mated,diagnostic_impostor,cross,87757,87757,left,right,B,B,1,B,0.355,qwen25vl,zero_shot,2026-08-22T22:08:15
G_20294_left_195,mated,primary_genuine,same,20294,20294,left,left,A,B,0,B,0.367,qwen25vl,zero_shot,2026-08-22T22:08:15
G_27295_left_309,mated,primary_genuine,same,27295,27295,left,left,A,A,1,A,0.356,qwen25vl,zero_shot,2026-08-22T22:08:16
D_24101_32,non-mated,diagnostic_impostor,same,24101,24101,left,right,B,A,0,A,0.339,qwen25vl,zero_shot,2026-08-22T22:08:16
G_76957_right_2160,mated,primary_genuine,cross,76957,76957,right,right,A,A,1,A,0.349,qwen25vl,zero_shot,2026-08-22T22:08:16
G_14493_left_57,mated,primary_genuine,same,14493,14493,left,left,A,A,1,A,0.343,qwen25vl,zero_shot,2026-08-22T22:08:17
I_43210_56583_right_x,non-mated,primary_impostor,cross,43210,56583,right,right,B,B,1,B,0.357,qwen25vl,zero_shot,2026-08-22T22:08:17
I_65052_76957_right_s,non-mated,primary_impostor,same,65052,76957,right,right,B,A,0,A,0.36,qwen25vl,zero_shot,2026-08-22T22:08:17
I_57833_58398_left_x,non-mated,primary_impostor,cross,57833,58398,left,left,B,B,1,B,0.348,qwen25vl,zero_shot,2026-08-22T22:08:18
G_83742_left_2253,mated,primary_genuine,same,83742,83742,left,left,A,B,0,B,0.355,qwen25vl,zero_shot,2026-08-22T22:08:18
D_20294_20,non-mated,diagnostic_impostor,same,20294,20294,left,right,B,A,0,A,0.353,qwen25vl,zero_shot,2026-08-22T22:08:18
I_89171_99775_right_x,non-mated,primary_impostor,cross,89171,99775,right,right,B,B,1,B,0.36,qwen25vl,zero_shot,2026-08-22T22:08:19
D_89171_258,non-mated,diagnostic_impostor,cross,89171,89171,left,right,B,A,0,A,0.358,qwen25vl,zero_shot,2026-08-22T22:08:19
I_47904_58793_right_x,non-mated,primary_impostor,cross,47904,58793,right,right,B,A,0,A,0.353,qwen25vl,zero_shot,2026-08-22T22:08:19
I_47904_63029_left_s,non-mated,primary_impostor,same,47904,63029,left,left,B,A,0,A,0.358,qwen25vl,zero_shot,2026-08-22T22:08:20
I_63029_93812_right_x,non-mated,primary_impostor,cross,63029,93812,right,right,B,B,1,B,0.347,qwen25vl,zero_shot,2026-08-22T22:08:20
G_58398_right_1356,mated,primary_genuine,same,58398,58398,right,right,A,B,0,B,0.343,qwen25vl,zero_shot,2026-08-22T22:08:21
G_93812_left_2619,mated,primary_genuine,cross,93812,93812,left,left,A,A,1,A,0.347,qwen25vl,zero_shot,2026-08-22T22:08:21
G_57833_left_1150,mated,primary_genuine,same,57833,57833,left,left,A,B,0,B,0.352,qwen25vl,zero_shot,2026-08-22T22:08:21
G_57833_left_1152,mated,primary_genuine,cross,57833,57833,left,left,A,B,0,B,0.347,qwen25vl,zero_shot,2026-08-22T22:08:22
I_47904_69658_left_x,non-mated,primary_impostor,cross,47904,69658,left,left,B,B,1,B,0.352,qwen25vl,zero_shot,2026-08-22T22:08:22
G_47904_right_834,mated,primary_genuine,same,47904,47904,right,right,A,A,1,A,0.35,qwen25vl,zero_shot,2026-08-22T22:08:22
G_58398_right_1352,mated,primary_genuine,cross,58398,58398,right,right,A,B,0,B,0.351,qwen25vl,zero_shot,2026-08-22T22:08:23
G_14493_right_114,mated,primary_genuine,cross,14493,14493,right,right,A,B,0,B,0.34,qwen25vl,zero_shot,2026-08-22T22:08:23
G_65030_right_1685,mated,primary_genuine,cross,65030,65030,right,right,A,B,0,B,0.351,qwen25vl,zero_shot,2026-08-22T22:08:23
I_65052_96608_left_x,non-mated,primary_impostor,cross,65052,96608,left,left,B,B,1,B,0.35,qwen25vl,zero_shot,2026-08-22T22:08:24
I_43210_57833_right_x,non-mated,primary_impostor,cross,43210,57833,right,right,B,B,1,B,0.347,qwen25vl,zero_shot,2026-08-22T22:08:24
G_93812_left_2587,mated,primary_genuine,same,93812,93812,left,left,A,A,1,A,0.354,qwen25vl,zero_shot,2026-08-22T22:08:24
G_14493_right_89,mated,primary_genuine,same,14493,14493,right,right,A,A,1,A,0.35,qwen25vl,zero_shot,2026-08-22T22:08:25
G_99775_right_2920,mated,primary_genuine,cross,99775,99775,right,right,A,B,0,B,0.35,qwen25vl,zero_shot,2026-08-22T22:08:25
G_87757_left_2372,mated,primary_genuine,cross,87757,87757,left,left,A,B,0,B,0.357,qwen25vl,zero_shot,2026-08-22T22:08:25
I_44595_58793_left_x,non-mated,primary_impostor,cross,44595,58793,left,left,B,B,1,B,0.352,qwen25vl,zero_shot,2026-08-22T22:08:26
I_20294_58398_left_s,non-mated,primary_impostor,same,20294,58398,left,left,B,B,1,B,0.364,qwen25vl,zero_shot,2026-08-22T22:08:26
G_65030_right_1699,mated,primary_genuine,cross,65030,65030,right,right,A,A,1,A,0.347,qwen25vl,zero_shot,2026-08-22T22:08:26
G_87757_right_2442,mated,primary_genuine,same,87757,87757,right,right,A,A,1,A,0.357,qwen25vl,zero_shot,2026-08-22T22:08:27
I_93812_96608_left_s,non-mated,primary_impostor,same,93812,96608,left,left,B,A,0,A,0.358,qwen25vl,zero_shot,2026-08-22T22:08:27
G_69658_left_1873,mated,primary_genuine,cross,69658,69658,left,left,A,B,0,B,0.355,qwen25vl,zero_shot,2026-08-22T22:08:28
G_76957_left_2114,mated,primary_genuine,cross,76957,76957,left,left,A,A,1,A,0.346,qwen25vl,zero_shot,2026-08-22T22:08:28
G_65030_right_1705,mated,primary_genuine,cross,65030,65030,right,right,A,A,1,A,0.349,qwen25vl,zero_shot,2026-08-22T22:08:28
G_96608_left_2741,mated,primary_genuine,cross,96608,96608,left,left,A,A,1,A,0.35,qwen25vl,zero_shot,2026-08-22T22:08:29
G_20294_left_137,mated,primary_genuine,cross,20294,20294,left,left,A,B,0,B,0.367,qwen25vl,zero_shot,2026-08-22T22:08:29
I_32467_57145_left_x,non-mated,primary_impostor,cross,32467,57145,left,left,B,B,1,B,0.363,qwen25vl,zero_shot,2026-08-22T22:08:29
G_65030_left_1671,mated,primary_genuine,same,65030,65030,left,left,A,A,1,A,0.355,qwen25vl,zero_shot,2026-08-22T22:08:30
G_65052_left_1738,mated,primary_genuine,same,65052,65052,left,left,A,B,0,B,0.355,qwen25vl,zero_shot,2026-08-22T22:08:30
D_76957_223,non-mated,diagnostic_impostor,same,76957,76957,left,right,B,B,1,B,0.352,qwen25vl,zero_shot,2026-08-22T22:08:30
G_63029_right_1584,mated,primary_genuine,cross,63029,63029,right,right,A,B,0,B,0.354,qwen25vl,zero_shot,2026-08-22T22:08:31
I_43210_83742_left_s,non-mated,primary_impostor,same,43210,83742,left,left,B,A,0,A,0.356,qwen25vl,zero_shot,2026-08-22T22:08:31
G_27295_left_355,mated,primary_genuine,same,27295,27295,left,left,A,A,1,A,0.35,qwen25vl,zero_shot,2026-08-22T22:08:31
G_83742_left_2224,mated,primary_genuine,same,83742,83742,left,left,A,A,1,A,0.354,qwen25vl,zero_shot,2026-08-22T22:08:32
I_58398_58793_left_s,non-mated,primary_impostor,same,58398,58793,left,left,B,A,0,A,0.355,qwen25vl,zero_shot,2026-08-22T22:08:32
I_57145_63029_left_x,non-mated,primary_impostor,cross,57145,63029,left,left,B,B,1,B,0.352,qwen25vl,zero_shot,2026-08-22T22:08:33
G_57833_right_1237,mated,primary_genuine,cross,57833,57833,right,right,A,A,1,A,0.348,qwen25vl,zero_shot,2026-08-22T22:08:33
I_57833_96608_left_s,non-mated,primary_impostor,same,57833,96608,left,left,B,A,0,A,0.36,qwen25vl,zero_shot,2026-08-22T22:08:33
D_99775_293,non-mated,diagnostic_impostor,same,99775,99775,left,right,B,B,1,B,0.352,qwen25vl,zero_shot,2026-08-22T22:08:34
G_43210_left_600,mated,primary_genuine,cross,43210,43210,left,left,A,A,1,A,0.347,qwen25vl,zero_shot,2026-08-22T22:08:34
I_44595_74850_left_s,non-mated,primary_impostor,same,44595,74850,left,left,B,A,0,A,0.356,qwen25vl,zero_shot,2026-08-22T22:08:34
G_56583_right_894,mated,primary_genuine,cross,56583,56583,right,right,A,A,1,A,0.358,qwen25vl,zero_shot,2026-08-22T22:08:35
I_43210_93812_left_x,non-mated,primary_impostor,cross,43210,93812,left,left,B,B,1,B,0.353,qwen25vl,zero_shot,2026-08-22T22:08:35
G_87757_right_2434,mated,primary_genuine,same,87757,87757,right,right,A,A,1,A,0.363,qwen25vl,zero_shot,2026-08-22T22:08:35
G_87757_left_2379,mated,primary_genuine,cross,87757,87757,left,left,A,B,0,B,0.354,qwen25vl,zero_shot,2026-08-22T22:08:36
I_24101_83742_left_s,non-mated,primary_impostor,same,24101,83742,left,left,B,A,0,A,0.357,qwen25vl,zero_shot,2026-08-22T22:08:36
D_63029_163,non-mated,diagnostic_impostor,same,63029,63029,left,right,B,B,1,B,0.353,qwen25vl,zero_shot,2026-08-22T22:08:36
I_27295_76957_left_s,non-mated,primary_impostor,same,27295,76957,left,left,B,A,0,A,0.357,qwen25vl,zero_shot,2026-08-22T22:08:37
D_58793_153,non-mated,diagnostic_impostor,cross,58793,58793,left,right,B,B,1,B,0.354,qwen25vl,zero_shot,2026-08-22T22:08:37
G_93812_left_2637,mated,primary_genuine,same,93812,93812,left,left,A,A,1,A,0.352,qwen25vl,zero_shot,2026-08-22T22:08:37
D_65052_180,non-mated,diagnostic_impostor,same,65052,65052,left,right,B,A,0,A,0.351,qwen25vl,zero_shot,2026-08-22T22:08:38
I_24101_56583_left_s,non-mated,primary_impostor,same,24101,56583,left,left,B,A,0,A,0.359,qwen25vl,zero_shot,2026-08-22T22:08:38
G_24101_left_292,mated,primary_genuine,cross,24101,24101,left,left,A,A,1,A,0.355,qwen25vl,zero_shot,2026-08-22T22:08:39
I_58793_93812_right_x,non-mated,primary_impostor,cross,58793,93812,right,right,B,A,0,A,0.35,qwen25vl,zero_shot,2026-08-22T22:08:39
I_57145_76957_left_x,non-mated,primary_impostor,cross,57145,76957,left,left,B,B,1,B,0.351,qwen25vl,zero_shot,2026-08-22T22:08:39
I_65052_83742_right_s,non-mated,primary_impostor,same,65052,83742,right,right,B,A,0,A,0.358,qwen25vl,zero_shot,2026-08-22T22:08:40
D_20294_18,non-mated,diagnostic_impostor,cross,20294,20294,left,right,B,B,1,B,0.351,qwen25vl,zero_shot,2026-08-22T22:08:40
D_58793_150,non-mated,diagnostic_impostor,cross,58793,58793,left,right,B,B,1,B,0.351,qwen25vl,zero_shot,2026-08-22T22:08:40
G_63029_left_1517,mated,primary_genuine,cross,63029,63029,left,left,A,A,1,A,0.356,qwen25vl,zero_shot,2026-08-22T22:08:41
I_65030_87757_left_x,non-mated,primary_impostor,cross,65030,87757,left,left,B,B,1,B,0.35,qwen25vl,zero_shot,2026-08-22T22:08:41
I_20294_57833_left_x,non-mated,primary_impostor,cross,20294,57833,left,left,B,B,1,B,0.361,qwen25vl,zero_shot,2026-08-22T22:08:41
I_65030_74850_right_x,non-mated,primary_impostor,cross,65030,74850,right,right,B,B,1,B,0.354,qwen25vl,zero_shot,2026-08-22T22:08:42
D_57145_108,non-mated,diagnostic_impostor,same,57145,57145,left,right,B,A,0,A,0.366,qwen25vl,zero_shot,2026-08-22T22:08:42
G_65030_left_1676,mated,primary_genuine,same,65030,65030,left,left,A,A,1,A,0.344,qwen25vl,zero_shot,2026-08-22T22:08:42
D_93812_269,non-mated,diagnostic_impostor,same,93812,93812,left,right,B,A,0,A,0.35,qwen25vl,zero_shot,2026-08-22T22:08:43
I_74850_83742_right_x,non-mated,primary_impostor,cross,74850,83742,right,right,B,B,1,B,0.361,qwen25vl,zero_shot,2026-08-22T22:08:43
G_93812_left_2625,mated,primary_genuine,cross,93812,93812,left,left,A,B,0,B,0.341,qwen25vl,zero_shot,2026-08-22T22:08:44
I_20294_56583_left_x,non-mated,primary_impostor,cross,20294,56583,left,left,B,B,1,B,0.357,qwen25vl,zero_shot,2026-08-22T22:08:44
I_87757_89171_left_s,non-mated,primary_impostor,same,87757,89171,left,left,B,B,1,B,0.363,qwen25vl,zero_shot,2026-08-22T22:08:44
D_56583_104,non-mated,diagnostic_impostor,same,56583,56583,left,right,B,B,1,B,0.353,qwen25vl,zero_shot,2026-08-22T22:08:45
I_44595_76957_left_s,non-mated,primary_impostor,same,44595,76957,left,left,B,A,0,A,0.357,qwen25vl,zero_shot,2026-08-22T22:08:45
I_63029_93812_right_s,non-mated,primary_impostor,same,63029,93812,right,right,B,A,0,A,0.356,qwen25vl,zero_shot,2026-08-22T22:08:45
I_47904_63029_right_s,non-mated,primary_impostor,same,47904,63029,right,right,B,A,0,A,0.353,qwen25vl,zero_shot,2026-08-22T22:08:46
I_56583_87757_left_x,non-mated,primary_impostor,cross,56583,87757,left,left,B,B,1,B,0.351,qwen25vl,zero_shot,2026-08-22T22:08:46
G_76957_right_2173,mated,primary_genuine,cross,76957,76957,right,right,A,A,1,A,0.351,qwen25vl,zero_shot,2026-08-22T22:08:46
G_87757_right_2424,mated,primary_genuine,same,87757,87757,right,right,A,A,1,A,0.361,qwen25vl,zero_shot,2026-08-22T22:08:47
D_65052_187,non-mated,diagnostic_impostor,same,65052,65052,left,right,B,A,0,A,0.365,qwen25vl,zero_shot,2026-08-22T22:08:47
D_47904_94,non-mated,diagnostic_impostor,cross,47904,47904,left,right,B,B,1,B,0.36,qwen25vl,zero_shot,2026-08-22T22:08:47
D_87757_248,non-mated,diagnostic_impostor,same,87757,87757,left,right,B,B,1,B,0.349,qwen25vl,zero_shot,2026-08-22T22:08:48
I_27295_44595_left_x,non-mated,primary_impostor,cross,27295,44595,left,left,B,B,1,B,0.354,qwen25vl,zero_shot,2026-08-22T22:08:48
I_58398_76957_right_s,non-mated,primary_impostor,same,58398,76957,right,right,B,A,0,A,0.367,qwen25vl,zero_shot,2026-08-22T22:08:48
G_99775_left_2887,mated,primary_genuine,same,99775,99775,left,left,A,B,0,B,0.35,qwen25vl,zero_shot,2026-08-22T22:08:49
D_27295_47,non-mated,diagnostic_impostor,same,27295,27295,left,right,B,B,1,B,0.36,qwen25vl,zero_shot,2026-08-22T22:08:49
I_74850_87757_left_s,non-mated,primary_impostor,same,74850,87757,left,left,B,A,0,A,0.364,qwen25vl,zero_shot,2026-08-22T22:08:50
G_24101_left_297,mated,primary_genuine,same,24101,24101,left,left,A,A,1,A,0.349,qwen25vl,zero_shot,2026-08-22T22:08:50
D_65052_185,non-mated,diagnostic_impostor,cross,65052,65052,left,right,B,B,1,B,0.35,qwen25vl,zero_shot,2026-08-22T22:08:50
D_69658_198,non-mated,diagnostic_impostor,cross,69658,69658,left,right,B,A,0,A,0.355,qwen25vl,zero_shot,2026-08-22T22:08:51
D_63029_162,non-mated,diagnostic_impostor,cross,63029,63029,left,right,B,B,1,B,0.354,qwen25vl,zero_shot,2026-08-22T22:08:51
D_27295_46,non-mated,diagnostic_impostor,cross,27295,27295,left,right,B,A,0,A,0.348,qwen25vl,zero_shot,2026-08-22T22:08:51
I_56583_58793_right_x,non-mated,primary_impostor,cross,56583,58793,right,right,B,A,0,A,0.353,qwen25vl,zero_shot,2026-08-22T22:08:52
D_63029_159,non-mated,diagnostic_impostor,cross,63029,63029,left,right,B,B,1,B,0.354,qwen25vl,zero_shot,2026-08-22T22:08:52
G_69658_left_1887,mated,primary_genuine,cross,69658,69658,left,left,A,B,0,B,0.347,qwen25vl,zero_shot,2026-08-22T22:08:52
I_76957_89171_right_x,non-mated,primary_impostor,cross,76957,89171,right,right,B,B,1,B,0.353,qwen25vl,zero_shot,2026-08-22T22:08:53
G_83742_left_2214,mated,primary_genuine,same,83742,83742,left,left,A,A,1,A,0.358,qwen25vl,zero_shot,2026-08-22T22:08:53
D_89171_257,non-mated,diagnostic_impostor,same,89171,89171,left,right,B,B,1,B,0.354,qwen25vl,zero_shot,2026-08-22T22:08:53
I_83742_87757_right_s,non-mated,primary_impostor,same,83742,87757,right,right,B,A,0,A,0.367,qwen25vl,zero_shot,2026-08-22T22:08:54
D_57833_126,non-mated,diagnostic_impostor,cross,57833,57833,left,right,B,B,1,B,0.344,qwen25vl,zero_shot,2026-08-22T22:08:54
I_27295_89171_left_x,non-mated,primary_impostor,cross,27295,89171,left,left,B,B,1,B,0.358,qwen25vl,zero_shot,2026-08-22T22:08:55
I_47904_57145_right_x,non-mated,primary_impostor,cross,47904,57145,right,right,B,B,1,B,0.356,qwen25vl,zero_shot,2026-08-22T22:08:55
G_27295_right_373,mated,primary_genuine,same,27295,27295,right,right,A,B,0,B,0.376,qwen25vl,zero_shot,2026-08-22T22:08:55
D_57145_118,non-mated,diagnostic_impostor,same,57145,57145,left,right,B,B,1,B,0.356,qwen25vl,zero_shot,2026-08-22T22:08:56
G_47904_right_828,mated,primary_genuine,cross,47904,47904,right,right,A,A,1,A,0.349,qwen25vl,zero_shot,2026-08-22T22:08:56
I_57833_76957_left_x,non-mated,primary_impostor,cross,57833,76957,left,left,B,B,1,B,0.354,qwen25vl,zero_shot,2026-08-22T22:08:56
I_57833_69658_left_s,non-mated,primary_impostor,same,57833,69658,left,left,B,B,1,B,0.355,qwen25vl,zero_shot,2026-08-22T22:08:57
G_63029_right_1565,mated,primary_genuine,cross,63029,63029,right,right,A,B,0,B,0.352,qwen25vl,zero_shot,2026-08-22T22:08:57
G_89171_left_2498,mated,primary_genuine,same,89171,89171,left,left,A,B,0,B,0.356,qwen25vl,zero_shot,2026-08-22T22:08:57
G_24101_left_295,mated,primary_genuine,same,24101,24101,left,left,A,A,1,A,0.349,qwen25vl,zero_shot,2026-08-22T22:08:58
G_43210_left_591,mated,primary_genuine,cross,43210,43210,left,left,A,B,0,B,0.345,qwen25vl,zero_shot,2026-08-22T22:08:58
G_56583_left_856,mated,primary_genuine,cross,56583,56583,left,left,A,B,0,B,0.356,qwen25vl,zero_shot,2026-08-22T22:08:58
I_32467_56583_left_s,non-mated,primary_impostor,same,32467,56583,left,left,B,B,1,B,0.366,qwen25vl,zero_shot,2026-08-22T22:08:59
G_93812_left_2630,mated,primary_genuine,cross,93812,93812,left,left,A,B,0,B,0.348,qwen25vl,zero_shot,2026-08-22T22:08:59
G_58793_right_1464,mated,primary_genuine,same,58793,58793,right,right,A,A,1,A,0.354,qwen25vl,zero_shot,2026-08-22T22:08:59
I_69658_96608_right_s,non-mated,primary_impostor,same,69658,96608,right,right,B,A,0,A,0.365,qwen25vl,zero_shot,2026-08-22T22:09:00
G_47904_left_819,mated,primary_genuine,same,47904,47904,left,left,A,B,0,B,0.349,qwen25vl,zero_shot,2026-08-22T22:09:00
I_65030_93812_right_x,non-mated,primary_impostor,cross,65030,93812,right,right,B,A,0,A,0.356,qwen25vl,zero_shot,2026-08-22T22:09:01
G_93812_right_2682,mated,primary_genuine,cross,93812,93812,right,right,A,A,1,A,0.353,qwen25vl,zero_shot,2026-08-22T22:09:01
G_58398_left_1300,mated,primary_genuine,same,58398,58398,left,left,A,A,1,A,0.352,qwen25vl,zero_shot,2026-08-22T22:09:01
G_93812_right_2669,mated,primary_genuine,same,93812,93812,right,right,A,A,1,A,0.356,qwen25vl,zero_shot,2026-08-22T22:09:02
G_96608_left_2736,mated,primary_genuine,cross,96608,96608,left,left,A,B,0,B,0.349,qwen25vl,zero_shot,2026-08-22T22:09:02
G_20294_left_148,mated,primary_genuine,cross,20294,20294,left,left,A,B,0,B,0.356,qwen25vl,zero_shot,2026-08-22T22:09:02
I_43210_63029_right_x,non-mated,primary_impostor,cross,43210,63029,right,right,B,B,1,B,0.354,qwen25vl,zero_shot,2026-08-22T22:09:03
G_65052_left_1761,mated,primary_genuine,cross,65052,65052,left,left,A,B,0,B,0.353,qwen25vl,zero_shot,2026-08-22T22:09:03
G_58398_left_1270,mated,primary_genuine,same,58398,58398,left,left,A,B,0,B,0.364,qwen25vl,zero_shot,2026-08-22T22:09:03
G_57145_left_982,mated,primary_genuine,same,57145,57145,left,left,A,A,1,A,0.356,qwen25vl,zero_shot,2026-08-22T22:09:04
D_74850_208,non-mated,diagnostic_impostor,cross,74850,74850,left,right,B,A,0,A,0.352,qwen25vl,zero_shot,2026-08-22T22:09:04
I_65052_69658_right_x,non-mated,primary_impostor,cross,65052,69658,right,right,B,B,1,B,0.352,qwen25vl,zero_shot,2026-08-22T22:09:04
I_27295_43210_left_x,non-mated,primary_impostor,cross,27295,43210,left,left,B,B,1,B,0.355,qwen25vl,zero_shot,2026-08-22T22:09:05
D_24101_34,non-mated,diagnostic_impostor,same,24101,24101,left,right,B,A,0,A,0.362,qwen25vl,zero_shot,2026-08-22T22:09:05
G_57833_left_1142,mated,primary_genuine,cross,57833,57833,left,left,A,B,0,B,0.356,qwen25vl,zero_shot,2026-08-22T22:09:06
G_83742_right_2344,mated,primary_genuine,same,83742,83742,right,right,A,A,1,A,0.351,qwen25vl,zero_shot,2026-08-22T22:09:06
I_47904_96608_right_x,non-mated,primary_impostor,cross,47904,96608,right,right,B,B,1,B,0.35,qwen25vl,zero_shot,2026-08-22T22:09:06
D_69658_200,non-mated,diagnostic_impostor,same,69658,69658,left,right,B,A,0,A,0.352,qwen25vl,zero_shot,2026-08-22T22:09:07
G_56583_left_846,mated,primary_genuine,same,56583,56583,left,left,A,A,1,A,0.354,qwen25vl,zero_shot,2026-08-22T22:09:07
I_57833_83742_right_x,non-mated,primary_impostor,cross,57833,83742,right,right,B,B,1,B,0.353,qwen25vl,zero_shot,2026-08-22T22:09:07
G_43210_right_637,mated,primary_genuine,same,43210,43210,right,right,A,A,1,A,0.363,qwen25vl,zero_shot,2026-08-22T22:09:08
I_43210_69658_right_x,non-mated,primary_impostor,cross,43210,69658,right,right,B,B,1,B,0.354,qwen25vl,zero_shot,2026-08-22T22:09:08
I_14493_58793_right_x,non-mated,primary_impostor,cross,14493,58793,right,right,B,A,0,A,0.356,qwen25vl,zero_shot,2026-08-22T22:09:08
I_44595_57833_right_x,non-mated,primary_impostor,cross,44595,57833,right,right,B,A,0,A,0.356,qwen25vl,zero_shot,2026-08-22T22:09:09
G_24101_left_289,mated,primary_genuine,cross,24101,24101,left,left,A,A,1,A,0.355,qwen25vl,zero_shot,2026-08-22T22:09:09
I_57145_63029_right_s,non-mated,primary_impostor,same,57145,63029,right,right,B,A,0,A,0.358,qwen25vl,zero_shot,2026-08-22T22:09:09
I_43210_58398_left_s,non-mated,primary_impostor,same,43210,58398,left,left,B,A,0,A,0.355,qwen25vl,zero_shot,2026-08-22T22:09:10
D_69658_192,non-mated,diagnostic_impostor,cross,69658,69658,left,right,B,B,1,B,0.356,qwen25vl,zero_shot,2026-08-22T22:09:10
G_63029_right_1618,mated,primary_genuine,same,63029,63029,right,right,A,A,1,A,0.349,qwen25vl,zero_shot,2026-08-22T22:09:11
I_57833_76957_right_x,non-mated,primary_impostor,cross,57833,76957,right,right,B,B,1,B,0.353,qwen25vl,zero_shot,2026-08-22T22:09:11
I_58398_58793_left_x,non-mated,primary_impostor,cross,58398,58793,left,left,B,B,1,B,0.353,qwen25vl,zero_shot,2026-08-22T22:09:11
D_93812_275,non-mated,diagnostic_impostor,same,93812,93812,left,right,B,B,1,B,0.346,qwen25vl,zero_shot,2026-08-22T22:09:12
I_20294_65030_right_x,non-mated,primary_impostor,cross,20294,65030,right,right,B,A,0,A,0.358,qwen25vl,zero_shot,2026-08-22T22:09:12
I_57833_83742_left_s,non-mated,primary_impostor,same,57833,83742,left,left,B,A,0,A,0.36,qwen25vl,zero_shot,2026-08-22T22:09:12
G_32467_right_512,mated,primary_genuine,cross,32467,32467,right,right,A,A,1,A,0.348,qwen25vl,zero_shot,2026-08-22T22:09:13
G_93812_right_2673,mated,primary_genuine,cross,93812,93812,right,right,A,A,1,A,0.358,qwen25vl,zero_shot,2026-08-22T22:09:13
I_56583_69658_right_s,non-mated,primary_impostor,same,56583,69658,right,right,B,B,1,B,0.357,qwen25vl,zero_shot,2026-08-22T22:09:13
I_20294_69658_left_x,non-mated,primary_impostor,cross,20294,69658,left,left,B,B,1,B,0.358,qwen25vl,zero_shot,2026-08-22T22:09:14
G_27295_left_338,mated,primary_genuine,cross,27295,27295,left,left,A,B,0,B,0.362,qwen25vl,zero_shot,2026-08-22T22:09:14
I_58793_87757_left_s,non-mated,primary_impostor,same,58793,87757,left,left,B,B,1,B,0.361,qwen25vl,zero_shot,2026-08-22T22:09:14
D_99775_298,non-mated,diagnostic_impostor,same,99775,99775,left,right,B,B,1,B,0.349,qwen25vl,zero_shot,2026-08-22T22:09:15
I_57833_93812_right_x,non-mated,primary_impostor,cross,57833,93812,right,right,B,B,1,B,0.353,qwen25vl,zero_shot,2026-08-22T22:09:15
I_58398_76957_left_s,non-mated,primary_impostor,same,58398,76957,left,left,B,A,0,A,0.355,qwen25vl,zero_shot,2026-08-22T22:09:15
D_58398_136,non-mated,diagnostic_impostor,cross,58398,58398,left,right,B,B,1,B,0.349,qwen25vl,zero_shot,2026-08-22T22:09:16
I_47904_57833_left_x,non-mated,primary_impostor,cross,47904,57833,left,left,B,B,1,B,0.353,qwen25vl,zero_shot,2026-08-22T22:09:16
G_65052_right_1818,mated,primary_genuine,cross,65052,65052,right,right,A,B,0,B,0.356,qwen25vl,zero_shot,2026-08-22T22:09:17
I_27295_83742_left_s,non-mated,primary_impostor,same,27295,83742,left,left,B,A,0,A,0.362,qwen25vl,zero_shot,2026-08-22T22:09:17
G_57833_left_1173,mated,primary_genuine,cross,57833,57833,left,left,A,B,0,B,0.341,qwen25vl,zero_shot,2026-08-22T22:09:17
G_89171_left_2526,mated,primary_genuine,same,89171,89171,left,left,A,B,0,B,0.351,qwen25vl,zero_shot,2026-08-22T22:09:18
G_76957_left_2116,mated,primary_genuine,cross,76957,76957,left,left,A,A,1,A,0.347,qwen25vl,zero_shot,2026-08-22T22:09:18
I_56583_93812_left_x,non-mated,primary_impostor,cross,56583,93812,left,left,B,B,1,B,0.357,qwen25vl,zero_shot,2026-08-22T22:09:18
I_83742_93812_left_x,non-mated,primary_impostor,cross,83742,93812,left,left,B,B,1,B,0.356,qwen25vl,zero_shot,2026-08-22T22:09:19
I_14493_47904_right_s,non-mated,primary_impostor,same,14493,47904,right,right,B,A,0,A,0.36,qwen25vl,zero_shot,2026-08-22T22:09:19
G_58793_left_1380,mated,primary_genuine,same,58793,58793,left,left,A,A,1,A,0.35,qwen25vl,zero_shot,2026-08-22T22:09:19
I_24101_27295_right_s,non-mated,primary_impostor,same,24101,27295,right,right,B,A,0,A,0.364,qwen25vl,zero_shot,2026-08-22T22:09:20
I_57145_57833_right_x,non-mated,primary_impostor,cross,57145,57833,right,right,B,B,1,B,0.367,qwen25vl,zero_shot,2026-08-22T22:09:20
